{
    "airfoils" : {
	    "NACA_0008": {
            "type": "linear",
            "geometry": {
                "NACA": "0008"
            }
        },
	    "NACA_0012": {
            "type": "linear",
            "geometry": {
                "NACA": "0012"
            }
        },
	    "NACA_0016": {
            "type": "linear",
            "geometry": {
                "NACA": "0016"
            }
        },
	    "NACA_4808": {
            "type": "linear",
            "geometry": {
                "NACA": "4808"
            }
        },
	    "NACA_4812": {
            "type": "linear",
            "geometry": {
                "NACA": "4812"
            }
        },
	    "NACA_4816": {
            "type": "linear",
            "geometry": {
                "NACA": "4816"
            }
        },
        "ClarkY": {
		    "type": "linear",
		    "geometry" : {
			    "outline_points" : "ClarkY.txt"
			}
	    }
    },
    "airfoils_failed" : {
        "Diamond": {
            "type": "linear",
            "geometry" : {
                "outline_points" : "diamond_mtis0p5_tis12.txt"
            }
        }
    },
    "components" : {
        "all_properties" : {
            "ID" : 8,
            "density" : 0.25,
            "type" : "symmetric_airfoil",
            "side" : "both",
            "connect_to" : {
                "ID" : 0,
                "location" : "tip",
                "dx" :  -5.0,
                "dy" :  0.0,
                "dz" :  -5.0,
                "y_offset" : 5.0
            },
            "semispan" : 8.0,
            "sweep" : 14.0,
            "dihedral" : 10.0,
            "chord" : [ [0.0, 1.5],
                        [1.0, 0.5]],
            "thickness" : [ [0.0, 0.16],
                            [1.0, 0.08]],
            "camber" : [[0.0, 0.04],
                        [1.0, 0.04]],
            "airfoil" : [  [0.0, "NACA_4816"],
                            [1.0, "NACA_4808"]]
        }
    },
    "components_used_in_paper" : {
        "rectangular" : {
            "ID" : 1,
            "density" : 0.25,
            "type" : "symmetric_airfoil",
            "side" : "right",
            "semispan" : 8.0,
            "sweep" : 0.0,
            "chord" : [ [0.0, 1.0],
                        [1.0, 1.0]],
            "thickness" : [ [0.0, 0.12],
                            [1.0, 0.12]],
            "airfoil" : [  [0.0, "NACA_0012"],
                            [1.0, "NACA_0012"]]
        },
        "taper" : {
            "ID" : 2,
            "density" : 0.25,
            "type" : "symmetric_airfoil",
            "side" : "right",
            "semispan" : 8.0,
            "sweep" : 0.0,
            "chord" : [ [0.0, 1.5],
                        [1.0, 0.5]],
            "thickness" : [ [0.0, 0.12],
                            [1.0, 0.12]],
            "airfoil" : [  [0.0, "NACA_0012"],
                            [1.0, "NACA_0012"]]
        },
        "thickness" : {
            "ID" : 3,
            "density" : 0.25,
            "type" : "symmetric_airfoil",
            "side" : "right",
            "semispan" : 8.0,
            "sweep" : 0.0,
            "chord" : [ [0.0, 1.0],
                        [1.0, 1.0]],
            "thickness" : [ [0.0, 0.16],
                            [1.0, 0.08]],
            "airfoil" : [  [0.0, "NACA_0016"],
                            [1.0, "NACA_0008"]]
        },
        "camber" : {
            "ID" : 4,
            "density" : 0.25,
            "type" : "symmetric_airfoil",
            "side" : "right",
            "semispan" : 8.0,
            "sweep" : 0.0,
            "chord" : [ [0.0, 1.0],
                        [1.0, 1.0]],
            "thickness" : [ [0.0, 0.12],
                            [1.0, 0.12]],
            "camber" : [[0.0, 0.04],
                        [1.0, 0.04]],
            "airfoil" : [  [0.0, "NACA_4812"],
                            [1.0, "NACA_4812"]]
        },
        "clark-y" : {
            "ID" : 5,
            "density" : 0.25,
            "type" : "symmetric_airfoil",
            "thickness_distribution_coefficients": [2.947, -1.102, -3.975, 3.533, -1.399],
            "side" : "right",
            "semispan" : 8.0,
            "sweep" : 0.0,
            "chord" : [ [0.0, 1.0],
                        [1.0, 1.0]],
            "thickness" : [ [0.0, 0.117],
                            [1.0, 0.117]],
            "airfoil" : [  [0.0, "ClarkY"],
                            [1.0, "ClarkY"]]
        },
        "diamond" : {
            "ID" : 6,
            "density" : 0.25,
            "type" : "diamond_airfoil",
            "side" : "right",
            "semispan" : 8.0,
            "sweep" : 0.0,
            "chord" : [ [0.0, 1.0],
                        [1.0, 1.0]],
            "thickness" : [ [0.0, 0.12],
                            [1.0, 0.12]],
            "max_thickness_location" : 0.5,
            "airfoil" : [  [0.0, "NACA_0008"],
                            [1.0, "NACA_0008"]]
        },
        "sweep" : {
            "ID" : 7,
            "density" : 0.25,
            "type" : "symmetric_airfoil",
            "side" : "right",
            "semispan" : 8.0,
            "sweep" : 14.0,
            "chord" : [ [0.0, 1.0],
                        [1.0, 1.0]],
            "thickness" : [ [0.0, 0.12],
                            [1.0, 0.12]],
            "airfoil" : [  [0.0, "NACA_0012"],
                            [1.0, "NACA_0012"]]
        },
        "all_properties" : {
            "ID" : 8,
            "density" : 0.25,
            "type" : "symmetric_airfoil",
            "side" : "right",
            "semispan" : 8.0,
            "sweep" : 14.0,
            "chord" : [ [0.0, 1.5],
                        [1.0, 0.5]],
            "thickness" : [ [0.0, 0.16],
                            [1.0, 0.08]],
            "camber" : [[0.0, 0.04],
                        [1.0, 0.04]],
            "airfoil" : [  [0.0, "NACA_4816"],
                            [1.0, "NACA_4808"]]
        }
    },
    "components_failed" : {
        "zip" : 0
    }
}